portfolio,trade id,product,side,created at,size,size unit,price,fee,total,price/fee/total unit
default,11866,DOGE-USD,BUY,2021-06-03T17:16:25.053Z,8.60000000,DOGE,0.4037,0.00867955,-3.48049955,USD
default,11867,DOGE-USD,BUY,2021-06-03T17:16:25.053Z,4133.50000000,DOGE,0.4043,4.177935125,-1675.351985125,USD
default,13717,DOGE-USD,SELL,2021-06-03T17:42:49.016Z,4142.00000000,DOGE,0.4005,4.1471775,1654.7238225,USD
default,39659,DOGE-USD,BUY,2021-06-03T21:09:33.610Z,4028.60000000,DOGE,0.4087,4.11622205,-1650.60504205,USD
default,53474,DOGE-USD,SELL,2021-06-03T21:36:07.235Z,3570.00000000,DOGE,0.4,3.57,1424.43,USD
default,53475,DOGE-USD,SELL,2021-06-03T21:36:07.235Z,122.70000000,DOGE,0.4,0.1227,48.9573,USD
default,53476,DOGE-USD,SELL,2021-06-03T21:36:07.235Z,178.10000000,DOGE,0.4,0.1781,71.0619,USD
default,53477,DOGE-USD,SELL,2021-06-03T21:36:07.235Z,157.90000000,DOGE,0.4,0.1579,63.0021,USD
default,197513,AMP-USD,BUY,2021-06-11T11:06:49.046Z,2915.00000000,AMP,0.0696,0.405768,-203.289768,USD
default,197514,AMP-USD,BUY,2021-06-11T11:06:49.046Z,25842.00000000,AMP,0.06961,3.59772324,-1802.45934324,USD
default,199188,AMP-USD,SELL,2021-06-11T11:16:28.716Z,333.00000000,AMP,0.0695,0.0231435,23.1203565,USD
default,199189,AMP-USD,SELL,2021-06-11T11:16:28.847Z,45.00000000,AMP,0.0695,0.0031275,3.1243725,USD
default,199193,AMP-USD,SELL,2021-06-11T11:16:31.662Z,28379.00000000,AMP,0.0695,1.9723405,1970.3681595,USD
default,199983,AMP-USD,BUY,2021-06-11T11:20:53.455Z,28190.00000000,AMP,0.07069,3.9855022,-1996.7366022,USD
default,200685,AMP-USD,SELL,2021-06-11T11:25:09.157Z,17490.00000000,AMP,0.07099,1.2416151,1240.3734849,USD
default,200688,AMP-USD,SELL,2021-06-11T11:25:10.610Z,25.00000000,AMP,0.07099,0.00177475,1.77297525,USD
default,200738,AMP-USD,BUY,2021-06-11T11:25:26.932Z,17501.00000000,AMP,0.07092,2.48234184,-1243.65326184,USD
default,208574,AMP-USD,SELL,2021-06-11T12:00:53.014Z,12794.00000000,AMP,0.07489,1.91628532,956.22637468,USD
default,208575,AMP-USD,SELL,2021-06-11T12:00:53.014Z,15382.00000000,AMP,0.07485,2.3026854,1149.0400146,USD
default,208696,AMP-USD,BUY,2021-06-11T12:01:30.372Z,36.00000000,AMP,0.0757,0.0054504,-2.7306504,USD
default,208697,AMP-USD,BUY,2021-06-11T12:01:30.372Z,26552.00000000,AMP,0.07599,4.03537296,-2021.72185296,USD
default,208698,AMP-USD,BUY,2021-06-11T12:01:30.372Z,1038.00000000,AMP,0.076,0.157776,-79.045776,USD
default,221371,AMP-USD,SELL,2021-06-11T12:54:45.762Z,17924.00000000,AMP,0.07951,2.85027448,1422.28696552,USD
default,221372,AMP-USD,SELL,2021-06-11T12:54:45.762Z,9702.00000000,AMP,0.0795,1.542618,769.766382,USD
default,221724,AMP-USD,BUY,2021-06-11T12:55:36.307Z,4596.00000000,AMP,0.08297,0.76266024,-382.09278024,USD
default,221725,AMP-USD,BUY,2021-06-11T12:55:36.307Z,5643.00000000,AMP,0.08299,0.93662514,-469.24919514,USD
default,221726,AMP-USD,BUY,2021-06-11T12:55:36.307Z,16172.00000000,AMP,0.083,2.684552,-1344.960552,USD
default,315886,MIR-USD,BUY,2021-05-28T21:11:22.040Z,39.44000000,MIR,6.05,1.19306,-239.80506,USD
default,315890,MIR-USD,BUY,2021-05-28T21:11:22.839Z,200.94000000,MIR,6.05,6.078435,-1221.765435,USD
default,315892,MIR-USD,BUY,2021-05-28T21:11:23.152Z,37.17000000,MIR,6.05,1.1243925,-226.0028925,USD
default,316405,MIR-USD,SELL,2021-05-28T21:14:16.355Z,277.55000000,MIR,6.25,8.6734375,1726.0140625,USD
default,408876,AMP-USD,SELL,2021-06-12T12:26:33.269Z,1626.00000000,AMP,0.06056,0.19694112,98.27361888,USD
default,408877,AMP-USD,SELL,2021-06-12T12:26:33.269Z,8755.00000000,AMP,0.06048,1.0590048,528.4433952,USD
default,408878,AMP-USD,SELL,2021-06-12T12:26:33.269Z,12363.00000000,AMP,0.06046,1.49493396,745.97204604,USD
default,408879,AMP-USD,SELL,2021-06-12T12:26:33.269Z,3301.00000000,AMP,0.06029,0.39803458,198.61925542,USD
default,408880,AMP-USD,SELL,2021-06-12T12:26:33.269Z,366.00000000,AMP,0.06029,0.04413228,22.02200772,USD
default,418693,AMP-USD,BUY,2021-06-12T14:11:32.401Z,10769.00000000,AMP,0.06245,1.3450481,-673.8690981,USD
default,418694,AMP-USD,BUY,2021-06-12T14:11:32.401Z,605.00000000,AMP,0.06251,0.0756371,-37.8941871,USD
default,418695,AMP-USD,BUY,2021-06-12T14:11:32.401Z,6084.00000000,AMP,0.06252,0.76074336,-381.13242336,USD
default,418696,AMP-USD,BUY,2021-06-12T14:11:32.401Z,7758.00000000,AMP,0.0626,0.9713016,-486.6221016,USD
default,419105,AMP-USD,SELL,2021-06-12T14:14:49.383Z,25216.00000000,AMP,0.0635,1.601216,1599.614784,USD
default,419431,AMP-USD,BUY,2021-06-12T14:17:35.202Z,49.00000000,AMP,0.0639,0.0031311,-3.1342311,USD
default,419432,AMP-USD,BUY,2021-06-12T14:17:35.310Z,43.00000000,AMP,0.0639,0.0027477,-2.7504477,USD
default,419433,AMP-USD,BUY,2021-06-12T14:17:36.059Z,24966.00000000,AMP,0.0639,1.5953274,-1596.9227274,USD
default,420790,AMP-USD,SELL,2021-06-12T14:29:39.492Z,25058.00000000,AMP,0.06395,1.6024591,1600.8566409,USD
default,421101,AMP-USD,BUY,2021-06-12T14:32:11.916Z,2153.00000000,AMP,0.06404,0.27575624,-138.15387624,USD
default,421102,AMP-USD,BUY,2021-06-12T14:32:11.916Z,10000.00000000,AMP,0.06405,1.281,-641.781,USD
default,421103,AMP-USD,BUY,2021-06-12T14:32:11.916Z,12755.00000000,AMP,0.06423,1.6385073,-820.8921573,USD
default,586236,AMP-USD,SELL,2021-06-14T05:14:51.639Z,4113.00000000,AMP,0.06599,0.54283374,270.87403626,USD
default,586237,AMP-USD,SELL,2021-06-14T05:14:51.639Z,20795.00000000,AMP,0.06597,2.7436923,1369.1024577,USD
default,656510,AMP-USD,BUY,2021-06-14T15:11:40.939Z,23993.00000000,AMP,0.06808,3.26688688,-1636.71032688,USD
default,662621,AMP-USD,SELL,2021-06-14T15:32:14.120Z,9109.00000000,AMP,0.06814,1.24137452,619.44588548,USD
default,662622,AMP-USD,SELL,2021-06-14T15:32:14.120Z,1431.00000000,AMP,0.06802,0.19467324,97.14194676,USD
default,662623,AMP-USD,SELL,2021-06-14T15:32:14.120Z,9081.00000000,AMP,0.06801,1.23519762,616.36361238,USD
default,662624,AMP-USD,SELL,2021-06-14T15:32:14.120Z,4372.00000000,AMP,0.06794,0.59406736,296.43961264,USD
default,833109,AMP-USD,BUY,2021-06-14T23:51:38.141Z,10055.00000000,AMP,0.07623,1.5329853,-768.0256353,USD
default,833110,AMP-USD,BUY,2021-06-14T23:51:38.141Z,3997.00000000,AMP,0.07631,0.61002214,-305.62109214,USD
default,833111,AMP-USD,BUY,2021-06-14T23:51:38.141Z,7264.00000000,AMP,0.07636,1.10935808,-555.78839808,USD
default,835030,AMP-USD,SELL,2021-06-14T23:58:27.505Z,21316.00000000,AMP,0.07893,3.36494376,1679.10693624,USD
default,835425,AMP-USD,BUY,2021-06-14T23:59:32.937Z,21405.00000000,AMP,0.07844,1.6790082,-1680.6872082,USD
default,836859,AMP-USD,SELL,2021-06-15T00:03:39.667Z,12840.00000000,AMP,0.07873,2.0217864,1008.8714136,USD
default,836860,AMP-USD,SELL,2021-06-15T00:03:39.667Z,8565.00000000,AMP,0.07872,1.3484736,672.8883264,USD
default,837697,AMP-USD,BUY,2021-06-15T00:06:16.452Z,1756.00000000,AMP,0.07735,0.2716532,-136.0982532,USD
default,837698,AMP-USD,BUY,2021-06-15T00:06:16.452Z,10870.00000000,AMP,0.07735,1.681589,-842.476089,USD
default,837699,AMP-USD,BUY,2021-06-15T00:06:16.452Z,8431.00000000,AMP,0.07735,1.3042757,-653.4421257,USD
default,837700,AMP-USD,BUY,2021-06-15T00:06:16.452Z,599.00000000,AMP,0.07736,0.09267728,-46.43131728,USD
default,839281,AMP-USD,SELL,2021-06-15T00:12:58.666Z,52.00000000,AMP,0.0776,0.0080704,4.0271296,USD
default,839282,AMP-USD,SELL,2021-06-15T00:12:58.666Z,4830.00000000,AMP,0.07759,0.7495194,374.0101806,USD
default,839283,AMP-USD,SELL,2021-06-15T00:12:58.666Z,2222.00000000,AMP,0.07757,0.34472108,172.01581892,USD
default,839284,AMP-USD,SELL,2021-06-15T00:12:58.666Z,129.00000000,AMP,0.07757,0.02001306,9.98651694,USD
default,839285,AMP-USD,SELL,2021-06-15T00:12:58.666Z,1000.00000000,AMP,0.07756,0.15512,77.40488,USD
default,839286,AMP-USD,SELL,2021-06-15T00:12:58.666Z,2567.00000000,AMP,0.0775,0.397885,198.544615,USD
default,839287,AMP-USD,SELL,2021-06-15T00:12:58.666Z,2224.00000000,AMP,0.0775,0.34472,172.01528,USD
default,839288,AMP-USD,SELL,2021-06-15T00:12:58.666Z,4868.00000000,AMP,0.07743,0.75385848,376.17538152,USD
default,839289,AMP-USD,SELL,2021-06-15T00:12:58.666Z,258.00000000,AMP,0.07742,0.03994872,19.93441128,USD
default,839290,AMP-USD,SELL,2021-06-15T00:12:58.666Z,2226.00000000,AMP,0.07742,0.34467384,171.99224616,USD
default,839291,AMP-USD,SELL,2021-06-15T00:12:58.666Z,1280.00000000,AMP,0.07742,0.1981952,98.8994048,USD
default,841308,AMP-USD,BUY,2021-06-15T00:21:12.651Z,10300.00000000,AMP,0.07886,1.624516,-813.882516,USD
default,841309,AMP-USD,BUY,2021-06-15T00:21:12.651Z,9588.00000000,AMP,0.07894,1.51375344,-758.39047344,USD
default,841310,AMP-USD,BUY,2021-06-15T00:21:12.651Z,1329.00000000,AMP,0.07895,0.2098491,-105.1343991,USD
default,845374,AMP-USD,SELL,2021-06-15T00:38:54.014Z,21217.00000000,AMP,0.07902,3.35313468,1673.21420532,USD
default,845766,AMP-USD,BUY,2021-06-15T00:40:04.275Z,6530.00000000,AMP,0.07851,1.0253406,-513.6956406,USD
default,845767,AMP-USD,BUY,2021-06-15T00:40:04.275Z,14715.00000000,AMP,0.07859,2.3129037,-1158.7647537,USD
default,846192,AMP-USD,SELL,2021-06-15T00:41:27.877Z,21245.00000000,AMP,0.07801,3.3146449,1654.0078051,USD
default,846757,AMP-USD,BUY,2021-06-15T00:43:04.116Z,11484.00000000,AMP,0.0788,1.8098784,-906.7490784,USD
default,846758,AMP-USD,BUY,2021-06-15T00:43:04.116Z,9464.00000000,AMP,0.0788,1.4915264,-747.2547264,USD
default,847207,AMP-USD,SELL,2021-06-15T00:44:47.455Z,11235.00000000,AMP,0.07874,1.7692878,882.8746122,USD
default,847208,AMP-USD,SELL,2021-06-15T00:44:47.455Z,8897.00000000,AMP,0.07873,1.40092162,699.05988838,USD
default,847209,AMP-USD,SELL,2021-06-15T00:44:47.455Z,816.00000000,AMP,0.07872,0.12847104,64.10704896,USD
default,1092536,AMP-USD,BUY,2021-06-15T15:21:50.195Z,1014.00000000,AMP,0.08187,0.16603236,-83.18221236,USD
default,1092537,AMP-USD,BUY,2021-06-15T15:21:50.195Z,9356.00000000,AMP,0.08188,1.53213856,-767.60141856,USD
default,1092538,AMP-USD,BUY,2021-06-15T15:21:50.195Z,245.00000000,AMP,0.08244,0.0403956,-20.2381956,USD
default,1092539,AMP-USD,BUY,2021-06-15T15:21:50.195Z,8978.00000000,AMP,0.08264,1.48388384,-743.42580384,USD
default,1095097,AMP-USD,SELL,2021-06-15T15:27:24.765Z,4500.00000000,AMP,0.08393,0.75537,376.92963,USD
default,1095098,AMP-USD,SELL,2021-06-15T15:27:24.765Z,48.00000000,AMP,0.08376,0.00804096,4.01243904,USD
default,1095099,AMP-USD,SELL,2021-06-15T15:27:24.765Z,3666.00000000,AMP,0.08376,0.61412832,306.45003168,USD
default,1095100,AMP-USD,SELL,2021-06-15T15:27:24.765Z,11379.00000000,AMP,0.08367,1.90416186,950.17676814,USD
default,1095746,AMP-USD,BUY,2021-06-15T15:29:12.553Z,19728.00000000,AMP,0.08284,3.26853504,-1637.53605504,USD
default,1096819,AMP-USD,SELL,2021-06-15T15:32:03.940Z,19728.00000000,AMP,0.08417,3.32101152,1657.18474848,USD
default,1097285,AMP-USD,BUY,2021-06-15T15:33:27.445Z,6472.00000000,AMP,0.08479,1.09752176,-549.85840176,USD
default,1097286,AMP-USD,BUY,2021-06-15T15:33:27.445Z,4780.00000000,AMP,0.08479,0.8105924,-406.1067924,USD
default,1097287,AMP-USD,BUY,2021-06-15T15:33:27.445Z,1190.00000000,AMP,0.08479,0.2018002,-101.1019002,USD
default,1097288,AMP-USD,BUY,2021-06-15T15:33:27.445Z,7062.00000000,AMP,0.0848,1.1977152,-600.0553152,USD
default,1097859,AMP-USD,SELL,2021-06-15T15:34:44.176Z,19504.00000000,AMP,0.08489,3.31138912,1652.38317088,USD
default,1098909,AMP-USD,BUY,2021-06-15T15:38:04.110Z,12644.00000000,AMP,0.08369,2.11635272,-1060.29271272,USD
default,1098910,AMP-USD,BUY,2021-06-15T15:38:04.110Z,1342.00000000,AMP,0.08385,0.2250534,-112.7517534,USD
default,1098911,AMP-USD,BUY,2021-06-15T15:38:04.110Z,1959.00000000,AMP,0.08386,0.32856348,-164.61030348,USD
default,1098912,AMP-USD,BUY,2021-06-15T15:38:04.110Z,3571.00000000,AMP,0.08386,0.59892812,-300.06298812,USD
default,1098913,AMP-USD,BUY,2021-06-15T15:38:04.110Z,175.00000000,AMP,0.08386,0.029351,-14.704851,USD
default,1106557,AMP-USD,SELL,2021-06-15T16:05:41.132Z,19691.00000000,AMP,0.08717,3.43292894,1713.03154106,USD
default,1108659,AMP-USD,BUY,2021-06-15T16:13:07.727Z,8260.00000000,AMP,0.08739,1.4436828,-723.2850828,USD
default,1108660,AMP-USD,BUY,2021-06-15T16:13:07.727Z,2300.00000000,AMP,0.08739,0.401994,-201.398994,USD
default,1108661,AMP-USD,BUY,2021-06-15T16:13:07.727Z,9002.00000000,AMP,0.08739,1.57336956,-788.25814956,USD
default,1109711,AMP-USD,SELL,2021-06-15T16:16:47.897Z,14890.00000000,AMP,0.08763,2.6096214,1302.2010786,USD
default,1109712,AMP-USD,SELL,2021-06-15T16:16:47.897Z,4672.00000000,AMP,0.08761,0.81862784,408.49529216,USD
default,1110531,AMP-USD,BUY,2021-06-15T16:19:53.643Z,11507.00000000,AMP,0.08799,2.02500186,-1014.52593186,USD
default,1110532,AMP-USD,BUY,2021-06-15T16:19:53.643Z,1934.00000000,AMP,0.08807,0.34065476,-170.66803476,USD
default,1110533,AMP-USD,BUY,2021-06-15T16:19:53.643Z,3193.00000000,AMP,0.08808,0.56247888,-281.80191888,USD
default,1110534,AMP-USD,BUY,2021-06-15T16:19:53.643Z,2761.00000000,AMP,0.08808,0.48637776,-243.67525776,USD
default,1112963,AMP-USD,SELL,2021-06-15T16:27:08.719Z,19395.00000000,AMP,0.08839,3.4286481,1710.8954019,USD
default,1113438,AMP-USD,BUY,2021-06-15T16:28:18.266Z,19492.00000000,AMP,0.0876,3.4149984,-1710.9141984,USD
default,1114254,AMP-USD,SELL,2021-06-15T16:31:09.957Z,19492.00000000,AMP,0.08713,3.39667592,1694.94128408,USD
default,1114997,AMP-USD,BUY,2021-06-15T16:33:10.678Z,1613.00000000,AMP,0.08651,0.27908126,-139.81971126,USD
default,1114998,AMP-USD,BUY,2021-06-15T16:33:10.678Z,11993.00000000,AMP,0.08652,2.07526872,-1039.70962872,USD
default,1114999,AMP-USD,BUY,2021-06-15T16:33:10.678Z,5334.00000000,AMP,0.08671,0.92502228,-463.43616228,USD
default,1115000,AMP-USD,BUY,2021-06-15T16:33:10.678Z,598.00000000,AMP,0.08672,0.10371712,-51.96227712,USD
default,1115568,AMP-USD,SELL,2021-06-15T16:34:45.135Z,19538.00000000,AMP,0.08648,3.37929248,1686.26694752,USD
default,1115662,AMP-USD,BUY,2021-06-15T16:35:05.530Z,14334.00000000,AMP,0.08702,2.49468936,-1249.83936936,USD
default,1115663,AMP-USD,BUY,2021-06-15T16:35:05.530Z,4998.00000000,AMP,0.08716,0.87125136,-436.49693136,USD
default,1116363,AMP-USD,SELL,2021-06-15T16:37:52.821Z,19332.00000000,AMP,0.08619,3.33245016,1662.89262984,USD
default,1116492,AMP-USD,BUY,2021-06-15T16:38:21.933Z,19126.00000000,AMP,0.08677,3.31912604,-1662.88214604,USD
default,1120396,AMP-USD,SELL,2021-06-15T16:53:15.129Z,19126.00000000,AMP,0.08851,3.38568452,1689.45657548,USD
default,1121050,AMP-USD,BUY,2021-06-15T16:55:42.463Z,19099.00000000,AMP,0.08828,3.37211944,-1689.43183944,USD
default,1123713,AMP-USD,SELL,2021-06-15T17:05:07.475Z,19099.00000000,AMP,0.08897,3.39847606,1695.83955394,USD
default,1124384,AMP-USD,BUY,2021-06-15T17:07:36.010Z,19152.00000000,AMP,0.08837,3.38492448,-1695.84716448,USD
default,1126605,AMP-USD,SELL,2021-06-15T17:16:23.255Z,19152.00000000,AMP,0.08816,3.37688064,1685.06343936,USD
default,1187987,OGN-USD,BUY,2021-05-27T16:29:26.904Z,141.64000000,OGN,1.174,0.8314268,-167.1167868,USD
default,1187988,OGN-USD,BUY,2021-05-27T16:29:26.904Z,1630.64000000,OGN,1.174,9.5718568,-1923.9432168,USD
default,1226293,OGN-USD,SELL,2021-05-28T21:03:34.517Z,1772.28000000,OGN,0.957,8.4803598,1687.5916002,USD
default,1612330,AMP-USD,BUY,2021-06-16T19:07:42.799Z,15846.00000000,AMP,0.09874,3.12926808,-1567.76330808,USD
default,1613239,AMP-USD,SELL,2021-06-16T19:09:36.346Z,15846.00000000,AMP,0.0975,3.08997,1541.89503,USD
default,1688677,CRV-USD,BUY,2021-06-03T12:50:38.644Z,37.11000000,CRV,2.4916,0.23115819,-92.69443419,USD
default,1688678,CRV-USD,BUY,2021-06-03T12:50:38.644Z,180.00000000,CRV,2.4917,1.121265,-449.627265,USD
default,1688679,CRV-USD,BUY,2021-06-03T12:50:38.644Z,59.26000000,CRV,2.492,0.3691898,-148.0451098,USD
default,1689889,CRV-USD,SELL,2021-06-03T13:43:54.843Z,150.00000000,CRV,2.4505,0.9189375,366.6560625,USD
default,1689890,CRV-USD,SELL,2021-06-03T13:43:54.843Z,41.30000000,CRV,2.4504,0.2530038,100.9485162,USD
default,1689891,CRV-USD,SELL,2021-06-03T13:43:54.843Z,85.07000000,CRV,2.4504,0.52113882,207.93438918,USD
default,1854523,AMP-USD,BUY,2021-06-17T12:19:00.870Z,2518.00000000,AMP,0.10517,0.52963612,-265.34769612,USD
default,1854524,AMP-USD,BUY,2021-06-17T12:19:00.870Z,11928.00000000,AMP,0.10519,2.50941264,-1257.21573264,USD
default,1854780,AMP-USD,SELL,2021-06-17T12:19:39.238Z,2221.00000000,AMP,0.10345,0.4595249,229.3029251,USD
default,1854781,AMP-USD,SELL,2021-06-17T12:19:39.238Z,12225.00000000,AMP,0.10342,2.528619,1261.780881,USD
default,1856368,AMP-USD,BUY,2021-06-17T12:22:59.533Z,14040.00000000,AMP,0.106,2.97648,-1491.21648,USD
default,1856861,AMP-USD,SELL,2021-06-17T12:24:01.738Z,14040.00000000,AMP,0.10415,2.924532,1459.341468,USD
default,1857587,AMP-USD,BUY,2021-06-17T12:26:23.101Z,3586.00000000,AMP,0.10432,0.74818304,-374.83970304,USD
default,1857588,AMP-USD,BUY,2021-06-17T12:26:23.101Z,10375.00000000,AMP,0.10433,2.1648475,-1084.5885975,USD
default,1864055,AMP-USD,SELL,2021-06-17T12:48:22.408Z,3992.00000000,AMP,0.10848,0.86610432,432.18605568,USD
default,1864056,AMP-USD,SELL,2021-06-17T12:48:22.408Z,9969.00000000,AMP,0.10827,2.15868726,1077.18494274,USD
default,1928263,AMP-USD,BUY,2021-06-17T17:03:13.598Z,14853.00000000,AMP,0.10141,3.01248546,-1509.25521546,USD
default,1930195,AMP-USD,SELL,2021-06-17T17:09:02.396Z,12840.00000000,AMP,0.10078,2.5880304,1291.4271696,USD
default,1930196,AMP-USD,SELL,2021-06-17T17:09:02.396Z,2013.00000000,AMP,0.1007,0.4054182,202.3036818,USD
default,2118627,MLN-USD,BUY,2021-09-21T23:04:41.725Z,19.97800000,MLN,135.786,9.494564478,-2722.227272478,USD
default,2120986,MLN-USD,SELL,2021-09-21T23:16:37.616Z,4.68400000,MLN,143.686,2.355588284,670.669635716,USD
default,2120987,MLN-USD,SELL,2021-09-21T23:16:37.616Z,3.70000000,MLN,143.489,1.85818255,529.05111745,USD
default,2120988,MLN-USD,SELL,2021-09-21T23:16:37.616Z,11.59400000,MLN,143.364,5.817567756,1656.344648244,USD
default,2124116,MLN-USD,BUY,2021-09-21T23:24:25.241Z,7.26400000,MLN,162,4.118688,-1180.886688,USD
default,2124117,MLN-USD,BUY,2021-09-21T23:24:25.241Z,5.69800000,MLN,162,3.230766,-926.306766,USD
default,2124118,MLN-USD,BUY,2021-09-21T23:24:25.241Z,1.00000000,MLN,162,0.567,-162.567,USD
default,2124119,MLN-USD,BUY,2021-09-21T23:24:25.241Z,0.03800000,MLN,162.084,0.021557172,-6.180749172,USD
default,2124120,MLN-USD,BUY,2021-09-21T23:24:25.241Z,1.25000000,MLN,162.085,0.709121875,-203.315371875,USD
default,2124121,MLN-USD,BUY,2021-09-21T23:24:25.241Z,0.16200000,MLN,162.116,0.091919772,-26.354711772,USD
default,2124122,MLN-USD,BUY,2021-09-21T23:24:25.241Z,0.96300000,MLN,162.228,0.546789474,-156.772353474,USD
default,2124123,MLN-USD,BUY,2021-09-21T23:24:25.241Z,0.06300000,MLN,162.485,0.0358279425,-10.2723829425,USD
default,2124124,MLN-USD,BUY,2021-09-21T23:24:25.241Z,1.25000000,MLN,162.948,0.7128975,-204.3978975,USD
default,2124125,MLN-USD,BUY,2021-09-21T23:24:25.241Z,0.00400000,MLN,162.999,0.002281986,-0.654277986,USD
default,2125243,MLN-USD,SELL,2021-09-21T23:26:45.657Z,17.69200000,MLN,181.158,11.217665676,3193.829670324,USD
default,2179548,AMP-USD,BUY,2021-06-18T16:11:43.943Z,3709.00000000,AMP,0.0856,0.6349808,-318.1253808,USD
default,2179549,AMP-USD,BUY,2021-06-18T16:11:43.943Z,8616.00000000,AMP,0.08561,1.47523152,-739.09099152,USD
default,2179550,AMP-USD,BUY,2021-06-18T16:11:43.943Z,4388.00000000,AMP,0.08564,0.75157664,-376.53989664,USD
default,2188136,AMP-USD,SELL,2021-06-18T16:58:31.582Z,16713.00000000,AMP,0.08514,2.84588964,1420.09893036,USD
default,2542225,SOL-USD,BUY,2021-08-22T01:19:51.385Z,21.40100000,SOL,74.758,7.99947979,-1607.89543779,USD
default,2556687,RLC-USD,BUY,2021-06-03T12:39:47.938Z,129.51000000,RLC,5.39,1.74514725,-699.80404725,USD
default,2556699,RLC-USD,SELL,2021-06-03T12:40:32.511Z,129.51000000,RLC,5.373,1.739643075,694.117586925,USD
default,2565958,SOL-USD,SELL,2021-08-22T14:22:03.717Z,21.40100000,SOL,75.707,8.101027535,1612.104479465,USD
default,2644165,OGN-USD,BUY,2021-09-23T17:15:16.163Z,50.31000000,OGN,0.855,0.150552675,-43.165602675,USD
default,2644166,OGN-USD,BUY,2021-09-23T17:15:16.163Z,42.94000000,OGN,0.855,0.12849795,-36.84219795,USD
default,2644167,OGN-USD,BUY,2021-09-23T17:15:16.163Z,904.20000000,OGN,0.855,2.7058185,-775.7968185,USD
default,2644168,OGN-USD,BUY,2021-09-23T17:15:16.163Z,585.27000000,OGN,0.855,1.751420475,-502.157270475,USD
default,2644169,OGN-USD,BUY,2021-09-23T17:15:16.163Z,1754.39000000,OGN,0.855,5.250012075,-1505.253462075,USD
default,2644170,OGN-USD,BUY,2021-09-23T17:15:16.163Z,804.88000000,OGN,0.855,2.4086034,-690.5810034,USD
default,2644842,OGN-USD,SELL,2021-09-23T17:44:44.607Z,310.00000000,OGN,0.853,0.925505,263.504495,USD
default,2644843,OGN-USD,SELL,2021-09-23T17:44:44.607Z,3500.00000000,OGN,0.853,10.44925,2975.05075,USD
default,2644844,OGN-USD,SELL,2021-09-23T17:44:44.607Z,331.99000000,OGN,0.853,0.991156145,282.196313855,USD
default,3026433,AMP-USD,BUY,2021-06-23T05:10:17.041Z,3234.00000000,AMP,0.06241,0.40366788,-202.23760788,USD
default,3081998,AMP-USD,BUY,2021-06-23T16:17:26.045Z,10067.00000000,AMP,0.06116,1.23139544,-616.92911544,USD
default,3292086,AMP-USD,SELL,2021-06-25T17:38:12.345Z,13301.00000000,AMP,0.05557,1.47827314,737.65829686,USD
default,3323225,AMP-USD,BUY,2021-06-26T00:44:45.241Z,11580.00000000,AMP,0.05785,1.339806,-671.242806,USD
default,3598225,ICP-USD,BUY,2021-06-16T05:47:03.388Z,28.03280000,ICP,59.587,3.3407809072,-1673.7312345072,USD
default,3605510,ICP-USD,SELL,2021-06-16T09:16:09.706Z,10.68750000,ICP,57.85,0.618271875,617.653603125,USD
default,3605511,ICP-USD,SELL,2021-06-16T09:16:09.706Z,9.23120000,ICP,57.85,0.53402492,533.49089508,USD
default,3605512,ICP-USD,SELL,2021-06-16T09:16:09.708Z,8.11410000,ICP,57.85,0.469400685,468.931284315,USD
default,3619446,ICP-USD,BUY,2021-06-16T13:23:22.440Z,28.43970000,ICP,56.969,1.6201812693,-1621.8014505693,USD
default,3634453,ICP-USD,SELL,2021-06-16T17:19:57.552Z,27.14380000,ICP,55.191,2.9961869316,1495.0972788684,USD
default,3634454,ICP-USD,SELL,2021-06-16T17:19:57.552Z,0.00100000,ICP,55.19,0.00011038,0.05507962,USD
default,3634455,ICP-USD,SELL,2021-06-16T17:19:57.552Z,1.29490000,ICP,55.189,0.1429284722,71.3213076278,USD
default,3840163,AMP-USD,SELL,2021-07-02T04:53:30.185Z,11580.00000000,AMP,0.05588,1.2941808,645.7962192,USD
default,4308610,SKL-USD,BUY,2021-06-03T01:07:22.022Z,81.10000000,SKL,0.4235,0.085864625,-34.431714625,USD
default,4308611,SKL-USD,BUY,2021-06-03T01:07:22.022Z,916.80000000,SKL,0.4237,0.9711204,-389.4192804,USD
default,4308612,SKL-USD,BUY,2021-06-03T01:07:22.022Z,86.60000000,SKL,0.4238,0.0917527,-36.7928327,USD
default,4308613,SKL-USD,BUY,2021-06-03T01:07:22.022Z,67.00000000,SKL,0.4239,0.07100325,-28.47230325,USD
default,4308614,SKL-USD,BUY,2021-06-03T01:07:22.022Z,77.30000000,SKL,0.4241,0.081957325,-32.864887325,USD
default,4308615,SKL-USD,BUY,2021-06-03T01:07:22.022Z,54.70000000,SKL,0.4241,0.057995675,-23.256265675,USD
default,4308616,SKL-USD,BUY,2021-06-03T01:07:22.022Z,2735.40000000,SKL,0.4241,2.90020785,-1162.98334785,USD
default,4309100,SKL-USD,SELL,2021-06-03T01:30:49.489Z,753.40000000,SKL,0.4237,0.79803895,318.41754105,USD
default,4309101,SKL-USD,SELL,2021-06-03T01:30:49.489Z,77.50000000,SKL,0.4236,0.0820725,32.7469275,USD
default,4309102,SKL-USD,SELL,2021-06-03T01:30:49.489Z,77.50000000,SKL,0.4235,0.082053125,32.739196875,USD
default,4309103,SKL-USD,SELL,2021-06-03T01:30:49.489Z,1100.00000000,SKL,0.4235,1.164625,464.685375,USD
default,4309104,SKL-USD,SELL,2021-06-03T01:30:49.489Z,86.70000000,SKL,0.4234,0.09177195,36.61700805,USD
default,4309105,SKL-USD,SELL,2021-06-03T01:30:49.489Z,792.60000000,SKL,0.4234,0.8389671,334.7478729,USD
default,4309106,SKL-USD,SELL,2021-06-03T01:30:49.489Z,122.60000000,SKL,0.4233,0.12974145,51.76683855,USD
default,4309107,SKL-USD,SELL,2021-06-03T01:30:49.489Z,67.20000000,SKL,0.4233,0.0711144,28.3746456,USD
default,4309108,SKL-USD,SELL,2021-06-03T01:30:49.489Z,941.40000000,SKL,0.4233,0.99623655,397.49838345,USD
default,4963131,CRV-USD,BUY,2021-10-28T00:35:55.631Z,154.88000000,CRV,4.8468,2.627353344,-753.299737344,USD
default,4963132,CRV-USD,BUY,2021-10-28T00:35:55.631Z,299.60000000,CRV,4.8471,5.08266906,-1457.27382906,USD
default,4963133,CRV-USD,BUY,2021-10-28T00:35:55.631Z,133.81000000,CRV,4.8471,2.2700665785,-650.8605175785,USD
default,4963927,CRV-USD,SELL,2021-10-28T00:38:46.694Z,57.73000000,CRV,4.9005,0.9901705275,281.9156944725,USD
default,4963928,CRV-USD,SELL,2021-10-28T00:38:46.694Z,37.79000000,CRV,4.8983,0.6478736495,184.4588833505,USD
default,4963929,CRV-USD,SELL,2021-10-28T00:38:46.694Z,153.75000000,CRV,4.8982,2.635843875,750.462406125,USD
default,4963930,CRV-USD,SELL,2021-10-28T00:38:46.694Z,178.84000000,CRV,4.8982,3.065979308,872.928108692,USD
default,4963931,CRV-USD,SELL,2021-10-28T00:38:46.694Z,160.18000000,CRV,4.898,2.74596574,781.81567426,USD
default,4968963,CRV-USD,BUY,2021-10-28T01:10:27.417Z,64.93000000,CRV,5.0084,1.138183942,-326.333595942,USD
default,4968964,CRV-USD,BUY,2021-10-28T01:10:27.417Z,511.17000000,CRV,5.0096,8.962650312,-2569.719882312,USD
default,4970711,CRV-USD,SELL,2021-10-28T01:15:22.046Z,132.24000000,CRV,5.0898,2.355763032,670.719388968,USD
default,4970712,CRV-USD,SELL,2021-10-28T01:15:22.046Z,146.83000000,CRV,5.0898,2.615673669,744.719660331,USD
default,4970713,CRV-USD,SELL,2021-10-28T01:15:22.046Z,153.75000000,CRV,5.0898,2.738948625,779.817801375,USD
default,4970714,CRV-USD,SELL,2021-10-28T01:15:22.046Z,143.28000000,CRV,5.0897,2.552382756,726.699833244,USD
default,7782452,LRC-USD,BUY,2021-05-31T16:30:51.466Z,1200.00000000,LRC,0.3642,1.52964,-438.56964,USD
default,7782453,LRC-USD,BUY,2021-05-31T16:30:51.466Z,2745.74410000,LRC,0.3642,3.50000000427,-1003.50000122427,USD
default,7782454,LRC-USD,BUY,2021-05-31T16:30:51.466Z,990.12440800,LRC,0.3642,1.2621115828776,-361.8654209764776,USD
default,7782587,LRC-USD,SELL,2021-05-31T16:43:14.661Z,1478.82575800,LRC,0.3585,1.8555566198505,528.3034776231495,USD
default,7782588,LRC-USD,SELL,2021-05-31T16:43:14.661Z,3457.04275000,LRC,0.3585,4.3377243905625,1235.0121014844375,USD
default,7827492,KNC-USD,BUY,2021-06-15T01:09:07.610Z,158.30000000,KNC,1.9753,0.62537998,-313.31536998,USD
default,7827493,KNC-USD,BUY,2021-06-15T01:09:07.610Z,95.40000000,KNC,1.976,0.3770208,-188.8874208,USD
default,7827494,KNC-USD,BUY,2021-06-15T01:09:07.610Z,2.00000000,KNC,1.976,0.007904,-3.959904,USD
default,7827495,KNC-USD,BUY,2021-06-15T01:09:07.610Z,102.00000000,KNC,1.976,0.403104,-201.955104,USD
default,7827496,KNC-USD,BUY,2021-06-15T01:09:07.610Z,1.00000000,KNC,1.9769,0.0039538,-1.9808538,USD
default,7827497,KNC-USD,BUY,2021-06-15T01:09:07.610Z,7.80000000,KNC,1.977,0.0308412,-15.4514412,USD
default,7827498,KNC-USD,BUY,2021-06-15T01:09:07.610Z,10.30000000,KNC,1.977,0.0407262,-20.4038262,USD
default,7827499,KNC-USD,BUY,2021-06-15T01:09:07.610Z,3.00000000,KNC,1.977,0.011862,-5.942862,USD
default,7827500,KNC-USD,BUY,2021-06-15T01:09:07.610Z,5.10000000,KNC,1.9773,0.02016846,-10.10439846,USD
default,7827501,KNC-USD,BUY,2021-06-15T01:09:07.610Z,25.30000000,KNC,1.9775,0.1000615,-50.1308115,USD
default,7827502,KNC-USD,BUY,2021-06-15T01:09:07.610Z,7.60000000,KNC,1.9775,0.030058,-15.059058,USD
default,7827503,KNC-USD,BUY,2021-06-15T01:09:07.610Z,203.00000000,KNC,1.9775,0.802865,-402.235365,USD
default,7827504,KNC-USD,BUY,2021-06-15T01:09:07.610Z,1.00000000,KNC,1.9779,0.0039558,-1.9818558,USD
default,7827505,KNC-USD,BUY,2021-06-15T01:09:07.610Z,1.00000000,KNC,1.978,0.003956,-1.981956,USD
default,7827506,KNC-USD,BUY,2021-06-15T01:09:07.610Z,41.00000000,KNC,1.9782,0.1622124,-81.2684124,USD
default,7827507,KNC-USD,BUY,2021-06-15T01:09:07.610Z,158.30000000,KNC,1.9782,0.62629812,-313.77535812,USD
default,7827508,KNC-USD,BUY,2021-06-15T01:09:07.610Z,1.00000000,KNC,1.9789,0.0039578,-1.9828578,USD
default,7827509,KNC-USD,BUY,2021-06-15T01:09:07.610Z,8.40000000,KNC,1.979,0.0332472,-16.6568472,USD
default,7827888,KNC-USD,SELL,2021-06-15T01:47:00.178Z,1.00000000,KNC,1.949,0.003898,1.945102,USD
default,7827889,KNC-USD,SELL,2021-06-15T01:47:00.178Z,330.00000000,KNC,1.9487,1.286142,641.784858,USD
default,7827890,KNC-USD,SELL,2021-06-15T01:47:00.178Z,1.00000000,KNC,1.948,0.003896,1.944104,USD
default,7827891,KNC-USD,SELL,2021-06-15T01:47:00.178Z,25.40000000,KNC,1.9479,0.09895332,49.37770668,USD
default,7827892,KNC-USD,SELL,2021-06-15T01:47:00.178Z,27.30000000,KNC,1.9472,0.10631712,53.05224288,USD
default,7827893,KNC-USD,SELL,2021-06-15T01:47:00.178Z,1.00000000,KNC,1.947,0.003894,1.943106,USD
default,7827894,KNC-USD,SELL,2021-06-15T01:47:00.178Z,64.30000000,KNC,1.9462,0.25028132,124.89037868,USD
default,7827895,KNC-USD,SELL,2021-06-15T01:47:00.178Z,1.00000000,KNC,1.946,0.003892,1.942108,USD
default,7827896,KNC-USD,SELL,2021-06-15T01:47:00.178Z,102.80000000,KNC,1.946,0.4000976,199.6487024,USD
default,7827897,KNC-USD,SELL,2021-06-15T01:47:00.178Z,27.50000000,KNC,1.9458,0.107019,53.402481,USD
default,7827898,KNC-USD,SELL,2021-06-15T01:47:00.178Z,1.00000000,KNC,1.945,0.00389,1.94111,USD
default,7827899,KNC-USD,SELL,2021-06-15T01:47:00.178Z,102.90000000,KNC,1.9445,0.4001781,199.6888719,USD
default,7827900,KNC-USD,SELL,2021-06-15T01:47:00.178Z,123.00000000,KNC,1.9442,0.4782732,238.6583268,USD
default,7827901,KNC-USD,SELL,2021-06-15T01:47:00.178Z,1.00000000,KNC,1.944,0.003888,1.940112,USD
default,7827902,KNC-USD,SELL,2021-06-15T01:47:00.178Z,22.30000000,KNC,1.944,0.0867024,43.2644976,USD
default,9071250,MKR-USD,BUY,2021-06-02T22:32:17.994Z,0.01127400,MKR,3561.2959,0.1405251749181,-40.2905751515181,USD
default,9071251,MKR-USD,BUY,2021-06-02T22:32:17.994Z,0.00644400,MKR,3561.4772,0.0803255567688,-23.0304846335688,USD
default,9071252,MKR-USD,BUY,2021-06-02T22:32:17.994Z,0.01000000,MKR,3562.75,0.12469625,-35.75219625,USD
default,9071253,MKR-USD,BUY,2021-06-02T22:32:17.994Z,0.00919800,MKR,3563.7448,0.1147276363464,-32.8940523067464,USD
default,9071254,MKR-USD,BUY,2021-06-02T22:32:17.994Z,0.01271000,MKR,3564.2525,0.1585557724625,-45.4602050474625,USD
default,9071255,MKR-USD,BUY,2021-06-02T22:32:17.994Z,0.42935200,MKR,3564.2613,5.3561295118716,-1535.6788471894716,USD
default,9071336,MKR-USD,SELL,2021-06-02T22:35:50.924Z,0.00507300,MKR,3547.6365,0.06299005987575,17.93416990462425,USD
default,9071337,MKR-USD,SELL,2021-06-02T22:35:50.924Z,0.00563800,MKR,3547.5313,0.0700034351429,19.9309780342571,USD
default,9071338,MKR-USD,SELL,2021-06-02T22:35:50.924Z,0.01621100,MKR,3546.9954,0.2012511985029,57.2990912308971,USD
default,9071339,MKR-USD,SELL,2021-06-02T22:35:50.924Z,0.00796600,MKR,3546.5254,0.0988806746774,28.1527406617226,USD
default,9071340,MKR-USD,SELL,2021-06-02T22:35:50.924Z,0.44409000,MKR,3546.427,5.512264682505,1569.420501747495,USD
default,9748125,SOL-USD,BUY,2021-09-10T12:14:59.950Z,0.17900000,SOL,182.317,0.1142216005,-32.7489646005,USD
default,12958786,ZRX-USD,BUY,2021-06-02T00:28:17.966Z,760.00000000,ZRX,1.08917,2.8971922,-830.6663922,USD
default,12958787,ZRX-USD,BUY,2021-06-02T00:28:17.966Z,841.50580000,ZRX,1.089188,3.2079530675164,-919.7659723579164,USD
default,12960408,ZRX-USD,SELL,2021-06-02T00:35:27.367Z,760.00000000,ZRX,1.135468,3.02034488,859.93533512,USD
default,12960409,ZRX-USD,SELL,2021-06-02T00:35:27.367Z,841.00000000,ZRX,1.135383,3.3419998605,951.5151031395,USD
default,12961403,ZRX-USD,BUY,2021-06-02T00:38:07.871Z,59.19519000,ZRX,1.164432,0.24125070718728,-69.17002418926728,USD
default,12961404,ZRX-USD,BUY,2021-06-02T00:38:07.871Z,696.02089000,ZRX,1.164476,2.83674867666274,-813.33637058030274,USD
default,12961405,ZRX-USD,BUY,2021-06-02T00:38:07.871Z,797.64643000,ZRX,1.164537,3.251110732285185,-932.139891385195185,USD
default,12962488,ZRX-USD,SELL,2021-06-02T00:41:14.337Z,760.00000000,ZRX,1.16117,3.0887122,879.4004878,USD
default,12962489,ZRX-USD,SELL,2021-06-02T00:41:14.337Z,187.79343000,ZRX,1.161167,0.763208368064835,217.296325364745165,USD
default,12962490,ZRX-USD,SELL,2021-06-02T00:41:14.337Z,17.22502000,ZRX,1.161102,0.07000001810214,19.93000515393786,USD
default,12962491,ZRX-USD,SELL,2021-06-02T00:41:14.337Z,17.22551000,ZRX,1.161069,0.070000019845665,19.930005650344335,USD
default,12962492,ZRX-USD,SELL,2021-06-02T00:41:14.337Z,74.91024000,ZRX,1.160766,0.30433640875344,86.64892323508656,USD
default,12962493,ZRX-USD,SELL,2021-06-02T00:41:14.337Z,496.21411000,ZRX,1.160171,2.014926270744835,573.678293942065165,USD
default,12962810,ZRX-USD,BUY,2021-06-02T00:42:39.930Z,760.00000000,ZRX,1.182552,3.14558832,-901.88510832,USD
default,12962811,ZRX-USD,BUY,2021-06-02T00:42:39.930Z,56.18268000,ZRX,1.182662,0.23255792242956,-66.67767861658956,USD
default,12962812,ZRX-USD,BUY,2021-06-02T00:42:39.930Z,443.15632000,ZRX,1.18433,1.8369516356296,-526.6802761012296,USD
default,12962813,ZRX-USD,BUY,2021-06-02T00:42:39.930Z,253.07315000,ZRX,1.187999,1.052277271943975,-301.702926398793975,USD
default,12963911,ZRX-USD,SELL,2021-06-02T00:49:11.082Z,1387.00000000,ZRX,1.152244,5.593568498,1592.568859502,USD
default,12963912,ZRX-USD,SELL,2021-06-02T00:49:11.082Z,125.41215000,ZRX,1.152199,0.505749138362475,143.994004679487525,USD
default,13621571,SOL-USD,SELL,2021-09-21T23:16:58.171Z,0.00400000,SOL,124.559,0.001743826,0.496492174,USD
default,13621572,SOL-USD,SELL,2021-09-21T23:16:58.171Z,0.17500000,SOL,124.532,0.07627585,21.71682415,USD
default,14013424,ICP-USD,BUY,2021-10-27T21:57:19.066Z,7.41440000,ICP,41.606,1.542417632,-310.025944032,USD
default,14013425,ICP-USD,BUY,2021-10-27T21:57:19.066Z,26.83990000,ICP,41.608,5.583772796,-1122.338331996,USD
default,14020673,ICP-USD,SELL,2021-10-28T00:35:07.058Z,34.25430000,ICP,41.053,4.92184622265,1401.31993167735,USD
default,14367778,ATOM-USD,BUY,2021-08-20T03:12:42.515Z,86.10000000,ATOM,19.287,8.3030535,-1668.9137535,USD
default,14432835,ATOM-USD,SELL,2021-08-20T23:13:42.341Z,59.00000000,ATOM,18.843,5.558685,1106.178315,USD
default,14432836,ATOM-USD,SELL,2021-08-20T23:13:42.341Z,5.50000000,ATOM,18.843,0.5181825,103.1183175,USD
default,14432837,ATOM-USD,SELL,2021-08-20T23:13:42.341Z,21.60000000,ATOM,18.843,2.035044,404.973756,USD
default,15768467,ADA-USD,SELL,2021-05-27T16:29:07.437Z,486.22000000,ADA,1.7039,4.14235129,824.32790671,USD
default,15768468,ADA-USD,SELL,2021-05-27T16:29:07.437Z,642.57000000,ADA,1.7039,5.474375115,1089.400647885,USD
default,15768469,ADA-USD,SELL,2021-05-27T16:29:07.437Z,104.61000000,ADA,1.7037,0.891120285,177.332936715,USD
default,16018906,CGLD-USD,BUY,2021-09-21T18:06:23.434Z,9.24000000,CGLD,6.6199,0.214087566,-61.381963566,USD
default,16018907,CGLD-USD,BUY,2021-09-21T18:06:23.434Z,21.00000000,CGLD,6.62,0.48657,-139.50657,USD
default,16018908,CGLD-USD,BUY,2021-09-21T18:06:23.434Z,105.00000000,CGLD,6.6206,2.4330705,-697.5960705,USD
default,16018909,CGLD-USD,BUY,2021-09-21T18:06:23.434Z,55.85000000,CGLD,6.6208,1.29420088,-371.06588088,USD
default,16018910,CGLD-USD,BUY,2021-09-21T18:06:23.434Z,206.00000000,CGLD,6.6228,4.7750388,-1369.0718388,USD
default,16018911,CGLD-USD,BUY,2021-09-21T18:06:23.434Z,44.23000000,CGLD,6.6266,1.025830813,-294.120348813,USD
default,16024878,CGLD-USD,SELL,2021-09-21T19:02:57.569Z,6.28000000,CGLD,6.4825,0.14248535,40.56761465,USD
default,16024879,CGLD-USD,SELL,2021-09-21T19:02:57.569Z,105.00000000,CGLD,6.4819,2.38209825,678.21740175,USD
default,16024880,CGLD-USD,SELL,2021-09-21T19:02:57.569Z,23.77000000,CGLD,6.478,0.53893721,153.44312279,USD
default,16024881,CGLD-USD,SELL,2021-09-21T19:02:57.569Z,110.26000000,CGLD,6.4768,2.499461888,711.632506112,USD
default,16024882,CGLD-USD,SELL,2021-09-21T19:02:57.569Z,18.00000000,CGLD,6.4767,0.4080321,116.1725679,USD
default,16024883,CGLD-USD,SELL,2021-09-21T19:02:57.569Z,178.01000000,CGLD,6.4766,4.035148481,1148.864417519,USD
default,16039695,ADA-USD,BUY,2021-05-28T21:18:34.493Z,735.71000000,ADA,1.4875,5.471843125,-1099.840468125,USD
default,16039696,ADA-USD,BUY,2021-05-28T21:18:34.493Z,418.49000000,ADA,1.4875,3.112519375,-625.616394375,USD
default,16334574,ADA-USD,SELL,2021-05-30T05:10:32.093Z,34.73000000,ADA,1.5361,0.1867206355,53.1620323645,USD
default,16334575,ADA-USD,SELL,2021-05-30T05:10:32.093Z,1119.47000000,ADA,1.5356,6.016703462,1713.041428538,USD
default,16334822,ADA-USD,BUY,2021-05-30T05:12:09.318Z,500.00000000,ADA,1.5421,2.698675,-773.748675,USD
default,16334823,ADA-USD,BUY,2021-05-30T05:12:09.318Z,641.66000000,ADA,1.5422,3.463488182,-993.031540182,USD
default,16337856,ADA-USD,SELL,2021-05-30T05:31:08.324Z,14.05000000,ADA,1.5249,0.0749869575,21.3498580425,USD
default,16337857,ADA-USD,SELL,2021-05-30T05:31:08.324Z,1127.61000000,ADA,1.5249,6.0182237115,1713.4742652885,USD
default,16510889,ADA-USD,BUY,2021-05-31T02:50:10.173Z,404.20000000,ADA,1.5676,2.21768372,-635.84160372,USD
default,16510893,ADA-USD,BUY,2021-05-31T02:50:10.558Z,698.61000000,ADA,1.5676,3.832993626,-1098.974029626,USD
default,16527815,ADA-USD,SELL,2021-05-31T05:32:21.015Z,1102.81000000,ADA,1.5756,6.081556026,1731.505879974,USD
default,16528137,ADA-USD,BUY,2021-05-31T05:36:00.944Z,631.46000000,ADA,1.5781,3.487774591,-999.994800591,USD
default,16562427,ADA-USD,SELL,2021-05-31T12:18:12.590Z,631.45000000,ADA,1.6764,3.70496973,1054.85781027,USD
default,16562428,ADA-USD,SELL,2021-05-31T12:18:12.648Z,0.01000000,ADA,1.6764,0.000058674,0.016705326,USD
default,16798615,ADA-USD,BUY,2021-06-01T19:56:30.124Z,10.37000000,ADA,1.7097,0.0620535615,-17.7916425615,USD
default,16798616,ADA-USD,BUY,2021-06-01T19:56:30.124Z,16.02000000,ADA,1.7098,0.095868486,-27.486864486,USD
default,16798617,ADA-USD,BUY,2021-06-01T19:56:30.124Z,7.23000000,ADA,1.7099,0.0432690195,-12.4058460195,USD
default,16798618,ADA-USD,BUY,2021-06-01T19:56:30.124Z,4.34000000,ADA,1.71,0.0259749,-7.4473749,USD
default,16798619,ADA-USD,BUY,2021-06-01T19:56:30.124Z,987.19000000,ADA,1.71,5.90833215,-1694.00323215,USD
default,16802421,ADA-USD,SELL,2021-06-01T20:36:46.737Z,50.00000000,ADA,1.7168,0.30044,85.53956,USD
default,16802422,ADA-USD,SELL,2021-06-01T20:36:46.737Z,637.75000000,ADA,1.7168,3.8321122,1091.0570878,USD
default,16802423,ADA-USD,SELL,2021-06-01T20:36:46.737Z,337.40000000,ADA,1.7168,2.02736912,577.22095088,USD
default,16926192,ADA-USD,BUY,2021-06-02T15:31:06.500Z,554.83000000,ADA,1.792,3.47989376,-997.73525376,USD
default,16926327,ADA-USD,BUY,2021-06-02T15:32:00.946Z,414.35000000,ADA,1.792,2.5988032,-745.1140032,USD
default,16931481,ADA-USD,SELL,2021-06-02T16:06:10.819Z,969.18000000,ADA,1.78,6.0379914,1719.1024086,USD
default,16981796,ADA-USD,BUY,2021-06-02T22:47:12.297Z,969.82000000,ADA,1.7394,5.904167178,-1692.809075178,USD
default,16986629,ADA-USD,SELL,2021-06-02T23:32:57.033Z,969.82000000,ADA,1.762,4.2720571,1704.5507829,USD
default,17063367,ADA-USD,BUY,2021-06-03T12:38:51.040Z,536.87000000,ADA,1.858,2.49376115,-999.99822115,USD
default,17073185,ADA-USD,BUY,2021-06-03T13:44:17.177Z,187.01000000,ADA,1.8117,0.5082090255,-339.3142260255,USD
default,17073186,ADA-USD,BUY,2021-06-03T13:44:17.178Z,187.02000000,ADA,1.8117,0.508236201,-339.332370201,USD
default,17099057,ADA-USD,SELL,2021-06-03T17:16:11.366Z,671.44000000,ADA,1.8479,3.10188494,1237.65209106,USD
default,17099058,ADA-USD,SELL,2021-06-03T17:16:11.366Z,52.44000000,ADA,1.8479,0.24225969,96.66161631,USD
default,17099059,ADA-USD,SELL,2021-06-03T17:16:11.366Z,187.02000000,ADA,1.8476,0.86384538,344.67430662,USD
default,17189103,ADA-USD,BUY,2021-06-04T02:40:36.437Z,162.20000000,ADA,1.7451,0.42458283,-283.47980283,USD
default,17189104,ADA-USD,BUY,2021-06-04T02:40:36.704Z,177.22000000,ADA,1.7451,0.463899933,-309.730521933,USD
default,17189105,ADA-USD,BUY,2021-06-04T02:40:36.753Z,77.56000000,ADA,1.7451,0.203024934,-135.552980934,USD
default,17189106,ADA-USD,BUY,2021-06-04T02:40:36.796Z,504.68000000,ADA,1.7451,1.321075602,-882.038143602,USD
default,17209895,ADA-USD,SELL,2021-06-04T05:12:57.138Z,19.24000000,ADA,1.7075,0.04927845,32.80302155,USD
default,17209898,ADA-USD,SELL,2021-06-04T05:12:58.390Z,902.00000000,ADA,1.7075,2.3102475,1537.8547525,USD
default,17209899,ADA-USD,SELL,2021-06-04T05:12:58.800Z,0.42000000,ADA,1.7075,0.001075725,0.716074275,USD
default,17210870,ADA-USD,BUY,2021-06-04T05:15:40.014Z,922.60000000,ADA,1.6997,3.92035805,-1572.06357805,USD
default,17230901,ADA-USD,SELL,2021-06-04T07:13:29.262Z,922.60000000,ADA,1.6365,3.77458725,1506.06031275,USD
default,17263654,ADA-USD,BUY,2021-06-04T12:19:56.255Z,912.97000000,ADA,1.645,3.754589125,-1505.590239125,USD
default,17266283,ADA-USD,SELL,2021-06-04T12:35:42.149Z,912.97000000,ADA,1.66,3.7888255,1511.7413745,USD
default,17266955,ADA-USD,BUY,2021-06-04T12:39:11.511Z,10.34000000,ADA,1.6676,0.04310746,-17.28609146,USD
default,17266956,ADA-USD,BUY,2021-06-04T12:39:11.511Z,50.84000000,ADA,1.6677,0.21196467,-84.99783267,USD
default,17266957,ADA-USD,BUY,2021-06-04T12:39:11.511Z,7.20000000,ADA,1.6678,0.0300204,-12.0381804,USD
default,17266958,ADA-USD,BUY,2021-06-04T12:39:11.511Z,19.88000000,ADA,1.6679,0.08289463,-33.24074663,USD
default,17266959,ADA-USD,BUY,2021-06-04T12:39:11.511Z,31.77000000,ADA,1.668,0.1324809,-53.1248409,USD
default,17266960,ADA-USD,BUY,2021-06-04T12:39:11.511Z,15.29000000,ADA,1.668,0.0637593,-25.5674793,USD
default,17266961,ADA-USD,BUY,2021-06-04T12:39:11.511Z,6.79000000,ADA,1.668,0.0283143,-11.3540343,USD
default,17266962,ADA-USD,BUY,2021-06-04T12:39:11.511Z,8.81000000,ADA,1.6682,0.036742105,-14.733584105,USD
default,17266963,ADA-USD,BUY,2021-06-04T12:39:11.511Z,751.59000000,ADA,1.6683,3.1346939925,-1257.0122909925,USD
default,17270628,ADA-USD,SELL,2021-06-04T12:54:26.706Z,902.51000000,ADA,1.6992,3.83386248,1529.71112952,USD
default,17271069,ADA-USD,BUY,2021-06-04T12:57:14.394Z,899.62000000,ADA,1.6961,3.814613705,-1529.660095705,USD
default,17272302,ADA-USD,SELL,2021-06-04T13:05:21.728Z,899.62000000,ADA,1.6836,3.78650058,1510.81373142,USD
default,17272845,ADA-USD,BUY,2021-06-04T13:08:12.143Z,186.92000000,ADA,1.6842,0.78702666,-315.59769066,USD
default,17272846,ADA-USD,BUY,2021-06-04T13:08:12.143Z,708.50000000,ADA,1.6842,2.98313925,-1196.23883925,USD
default,17279405,ADA-USD,SELL,2021-06-04T13:55:49.018Z,895.42000000,ADA,1.696,3.7965808,1514.8357392,USD
default,17279633,ADA-USD,BUY,2021-06-04T13:57:49.560Z,890.85000000,ADA,1.6914,3.766959225,-1510.550649225,USD
default,17303664,ADA-USD,SELL,2021-06-04T16:48:58.246Z,890.85000000,ADA,1.7127,3.8143969875,1521.9443980125,USD
default,17428718,ADA-USD,BUY,2021-06-05T17:34:55.630Z,234.68000000,ADA,1.6812,0.98636004,-395.53037604,USD
default,17428719,ADA-USD,BUY,2021-06-05T17:34:55.630Z,500.00000000,ADA,1.6816,2.102,-842.902,USD
default,17428720,ADA-USD,BUY,2021-06-05T17:34:55.630Z,170.27000000,ADA,1.6817,0.7158576475,-287.0589166475,USD
default,17495591,ADA-USD,SELL,2021-06-06T07:52:24.727Z,500.00000000,ADA,1.6969,2.121125,846.328875,USD
default,17495592,ADA-USD,SELL,2021-06-06T07:52:24.727Z,404.95000000,ADA,1.6968,1.7177979,685.4013621,USD
default,17526319,ADA-USD,BUY,2021-06-06T18:35:13.074Z,11.86000000,ADA,1.6708,0.04953922,-19.86522722,USD
default,17526320,ADA-USD,BUY,2021-06-06T18:35:13.074Z,15.77000000,ADA,1.6709,0.0658752325,-26.4159682325,USD
default,17526321,ADA-USD,BUY,2021-06-06T18:35:13.074Z,886.62000000,ADA,1.6709,3.703633395,-1485.156991395,USD
default,17539743,ADA-USD,SELL,2021-06-06T21:44:49.338Z,914.25000000,ADA,1.6794,3.838478625,1531.552971375,USD
default,17544566,ADA-USD,BUY,2021-06-06T22:47:04.443Z,662.47000000,ADA,1.6609,2.7507410575,-1103.0471640575,USD
default,17544567,ADA-USD,BUY,2021-06-06T22:47:04.443Z,259.55000000,ADA,1.661,1.077781375,-432.190331375,USD
default,17548050,ADA-USD,SELL,2021-06-06T23:39:05.565Z,922.02000000,ADA,1.6699,3.849202995,1535.831995005,USD
default,17636796,ADA-USD,BUY,2021-06-07T21:01:14.388Z,936.55000000,ADA,1.6335,3.05970885,-1532.91413385,USD
default,17646893,ADA-USD,BUY,2021-06-07T21:24:51.886Z,250.58000000,ADA,1.6021,0.802908436,-402.257126436,USD
default,18113276,ADA-USD,BUY,2021-06-10T16:43:02.304Z,130.14000000,ADA,1.5384,0.400414752,-200.607790752,USD
default,18191924,ADA-USD,SELL,2021-06-11T11:06:31.134Z,3.58000000,ADA,1.5288,0.010946208,5.462157792,USD
default,18191925,ADA-USD,SELL,2021-06-11T11:06:31.134Z,1200.00000000,ADA,1.5287,3.66888,1830.77112,USD
default,18191926,ADA-USD,SELL,2021-06-11T11:06:31.134Z,113.69000000,ADA,1.5286,0.347573068,173.438960932,USD
default,18368886,ADA-USD,BUY,2021-06-12T12:26:43.047Z,2.76000000,ADA,1.4638,0.008080176,-4.048168176,USD
default,18368887,ADA-USD,BUY,2021-06-12T12:26:43.047Z,20.00000000,ADA,1.464,0.05856,-29.33856,USD
default,18368888,ADA-USD,BUY,2021-06-12T12:26:43.047Z,23.73000000,ADA,1.464,0.06948144,-34.81020144,USD
default,18368889,ADA-USD,BUY,2021-06-12T12:26:43.047Z,91.23000000,ADA,1.464,0.26712144,-133.82784144,USD
default,18368890,ADA-USD,BUY,2021-06-12T12:26:43.047Z,35.93000000,ADA,1.4642,0.105217412,-52.713923412,USD
default,18368891,ADA-USD,BUY,2021-06-12T12:26:43.047Z,16.04000000,ADA,1.4643,0.046974744,-23.534346744,USD
default,18368892,ADA-USD,BUY,2021-06-12T12:26:43.047Z,894.12000000,ADA,1.4643,2.618519832,-1311.878435832,USD
default,18377135,ADA-USD,SELL,2021-06-12T14:11:11.304Z,500.00000000,ADA,1.4603,1.4603,728.6897,USD
default,18377136,ADA-USD,SELL,2021-06-12T14:11:11.304Z,583.81000000,ADA,1.4603,1.705075486,850.832667514,USD
default,18789874,ADA-USD,BUY,2021-06-16T19:10:18.505Z,1009.84000000,ADA,1.5207,3.071327376,-1538.735015376,USD
default,18836439,ADA-USD,SELL,2021-06-17T12:06:53.896Z,500.00000000,ADA,1.5104,1.5104,753.6896,USD
default,18836440,ADA-USD,SELL,2021-06-17T12:06:53.896Z,509.84000000,ADA,1.5104,1.540124672,768.522211328,USD
default,18859332,ADA-USD,BUY,2021-06-17T17:34:37.784Z,1012.70000000,ADA,1.4714,2.98017356,-1493.06695356,USD
default,18938391,ADA-USD,SELL,2021-06-18T15:16:26.585Z,1012.70000000,ADA,1.4178,2.87161212,1432.93444788,USD
default,19018517,ADA-USD,BUY,2021-06-19T06:26:42.704Z,990.49000000,ADA,1.4309,2.834584282,-1420.126725282,USD
default,19797870,ADA-USD,SELL,2021-06-23T16:17:06.832Z,495.24000000,ADA,1.2495,1.23760476,617.56477524,USD
default,20034132,ADA-USD,SELL,2021-06-25T17:36:42.228Z,495.25000000,ADA,1.2639,1.25189295,624.69458205,USD
default,20044486,ADA-USD,BUY,2021-06-25T19:21:51.202Z,473.25000000,ADA,1.3,1.23045,-616.45545,USD
default,20066266,ADA-USD,SELL,2021-06-25T23:51:49.449Z,473.25000000,ADA,1.2663,1.19855295,598.07792205,USD
default,20071053,ADA-USD,BUY,2021-06-26T00:44:54.574Z,528.28000000,ADA,1.2707,1.342570792,-672.627966792,USD
default,20193265,ETC-USD,BUY,2021-05-31T14:47:05.656Z,26.73969141,ETC,66.556,6.22890415519386,-1785.91580563915386,USD
default,20194134,ETC-USD,SELL,2021-05-31T15:20:06.256Z,26.73969141,ETC,67.756,6.34121085911586,1805.43332031684414,USD
default,20585534,ADA-USD,BUY,2021-07-02T04:53:40.177Z,492.79000000,ADA,1.3067,1.287857386,-645.216550386,USD
default,21064378,ADA-USD,SELL,2021-07-09T01:09:09.724Z,1021.07000000,ADA,1.2916,2.637628024,1316.176383976,USD
default,21154762,ADA-USD,BUY,2021-07-10T19:39:15.816Z,985.69000000,ADA,1.3322,2.626272436,-1315.762490436,USD
default,24076212,ADA-USD,SELL,2021-08-12T15:03:29.879Z,985.69000000,ADA,1.7066,0.6728714216,1681.5056825784,USD
default,24373927,ADA-USD,BUY,2021-08-13T16:37:34.029Z,419.31000000,ADA,1.9976,4.18806828,-841.80172428,USD
default,25203559,ADA-USD,SELL,2021-08-17T16:56:37.532Z,419.31000000,ADA,2.0485,4.294782675,854.661752325,USD
default,26435257,ADA-USD,BUY,2021-08-22T14:22:31.173Z,617.98000000,ADA,2.5958,8.02076242,-1612.17324642,USD
default,27144468,MATIC-USD,BUY,2021-10-27T14:30:31.403Z,1597.50000000,MATIC,1.879,15.0085125,-3016.7110125,USD
default,27226459,MATIC-USD,SELL,2021-10-27T21:55:38.671Z,37.10000000,MATIC,1.8337,0.34015135,67.69011865,USD
default,27226460,MATIC-USD,SELL,2021-10-27T21:55:38.671Z,80.50000000,MATIC,1.8336,0.738024,146.866776,USD
default,27226461,MATIC-USD,SELL,2021-10-27T21:55:38.671Z,1479.90000000,MATIC,1.8336,13.5677232,2699.9769168,USD
default,27772424,ADA-USD,SELL,2021-08-26T14:32:48.075Z,617.98000000,ADA,2.614,5.65389902,1609.74582098,USD
default,27867741,ADA-USD,BUY,2021-08-26T21:11:06.615Z,627.04000000,ADA,2.5621,5.622887144,-1612.162071144,USD
default,27903722,ADA-USD,SELL,2021-08-27T00:14:01.866Z,627.04000000,ADA,2.518,5.52610352,1573.36061648,USD
default,27923974,ADA-USD,BUY,2021-08-27T01:34:15.845Z,599.98000000,ADA,2.6125,5.486067125,-1572.933817125,USD
default,30982950,ADA-USD,SELL,2021-09-07T15:09:01.774Z,527.08000000,ADA,2.1504,3.967014912,1129.465817088,USD
default,30982951,ADA-USD,SELL,2021-09-07T15:09:01.774Z,72.90000000,ADA,2.1503,0.548649045,156.208220955,USD
default,30987542,ADA-USD,BUY,2021-09-07T15:11:33.176Z,629.70000000,ADA,2.1389,4.714028655,-1351.579358655,USD
default,30987543,ADA-USD,BUY,2021-09-07T15:11:33.176Z,433.65000000,ADA,2.1421,3.2512258275,-932.1728908275,USD
default,33850446,ADA-USD,SELL,2021-09-17T04:51:16.796Z,60.00000000,ADA,2.4232,0.508872,144.883128,USD
default,33850562,ADA-USD,BUY,2021-09-17T04:52:34.031Z,59.41000000,ADA,2.4231,0.5038472985,-144.4602182985,USD
default,34664394,ADA-USD,SELL,2021-09-21T00:13:52.557Z,728.09000000,ADA,2.015,5.134854725,1461.966495275,USD
default,34664395,ADA-USD,SELL,2021-09-21T00:13:52.557Z,15.06000000,ADA,2.0148,0.106200108,30.236687892,USD
default,34664396,ADA-USD,SELL,2021-09-21T00:13:52.557Z,24.87000000,ADA,2.0147,0.1753695615,49.9302194385,USD
default,34664397,ADA-USD,SELL,2021-09-21T00:13:52.557Z,25.00000000,ADA,2.0147,0.17628625,50.19121375,USD
default,34664398,ADA-USD,SELL,2021-09-21T00:13:52.557Z,6.49000000,ADA,2.0146,0.045761639,13.028992361,USD
default,34664399,ADA-USD,SELL,2021-09-21T00:13:52.557Z,37.36000000,ADA,2.0146,0.263429096,75.002026904,USD
default,34664400,ADA-USD,SELL,2021-09-21T00:13:52.557Z,10.00000000,ADA,2.0145,0.0705075,20.0744925,USD
default,34664401,ADA-USD,SELL,2021-09-21T00:13:52.557Z,15.36000000,ADA,2.0144,0.108294144,30.832889856,USD
default,34664402,ADA-USD,SELL,2021-09-21T00:13:52.557Z,172.14000000,ADA,2.0144,1.213655856,345.545160144,USD
default,34664403,ADA-USD,SELL,2021-09-21T00:13:52.557Z,1.96000000,ADA,2.0142,0.013817412,3.934014588,USD
default,34664404,ADA-USD,SELL,2021-09-21T00:13:52.557Z,2.19000000,ADA,2.0141,0.0154380765,4.3954409235,USD
default,34664405,ADA-USD,SELL,2021-09-21T00:13:52.557Z,11.26000000,ADA,2.014,0.07937174,22.59826826,USD
default,34664406,ADA-USD,SELL,2021-09-21T00:13:52.557Z,12.98000000,ADA,2.014,0.09149602,26.05022398,USD
default,34664920,ADA-USD,BUY,2021-09-21T00:15:12.639Z,17.41000000,ADA,2.0299,0.1236919565,-35.4642509565,USD
default,34664921,ADA-USD,BUY,2021-09-21T00:15:12.639Z,11.26000000,ADA,2.03,0.0800023,-22.9378023,USD
default,34664922,ADA-USD,BUY,2021-09-21T00:15:12.639Z,1166.25000000,ADA,2.0301,8.2866144375,-2375.8907394375,USD
default,34666311,ADA-USD,SELL,2021-09-21T00:18:42.892Z,1194.92000000,ADA,2.0111,8.410862642,2394.692749358,USD
default,34707423,ADA-USD,BUY,2021-09-21T02:11:25.209Z,335.61000000,ADA,2.1343,2.5070234805,-718.7994464805,USD
default,34707424,ADA-USD,BUY,2021-09-21T02:11:25.209Z,779.64000000,ADA,2.1344,5.824222656,-1669.887838656,USD
default,34790830,ADA-USD,BUY,2021-09-21T12:21:11.422Z,296.20000000,ADA,2.2099,2.29100333,-656.86338333,USD
default,34790831,ADA-USD,BUY,2021-09-21T12:21:11.422Z,21.05000000,ADA,2.21,0.16282175,-46.68332175,USD
default,34861228,ADA-USD,SELL,2021-09-21T18:06:01.595Z,202.00000000,ADA,2.0603,1.4566321,414.7239679,USD
default,34861229,ADA-USD,SELL,2021-09-21T18:06:01.595Z,1230.50000000,ADA,2.0599,8.871474325,2525.835475675,USD
default,34874612,ADA-USD,BUY,2021-09-21T19:03:26.956Z,241.83000000,ADA,2.0635,1.7465567175,-500.7627617175,USD
default,34874613,ADA-USD,BUY,2021-09-21T19:03:26.956Z,1134.06000000,ADA,2.0636,8.190861756,-2348.437077756,USD
default,34970546,ADA-USD,SELL,2021-09-21T23:00:30.034Z,1298.00000000,ADA,1.9852,9.0187636,2567.7708364,USD
default,34970547,ADA-USD,SELL,2021-09-21T23:00:30.034Z,77.89000000,ADA,1.9849,0.5411135135,154.0627474865,USD
default,34994302,ADA-USD,BUY,2021-09-22T00:05:11.500Z,410.39000000,ADA,2.0093,2.8860881945,-827.4827151945,USD
default,34994303,ADA-USD,BUY,2021-09-22T00:05:11.500Z,4.10000000,ADA,2.0094,0.02883489,-8.26737489,USD
default,34994304,ADA-USD,BUY,2021-09-22T00:05:11.500Z,497.88000000,ADA,2.0094,3.501540252,-1003.941612252,USD
default,34994305,ADA-USD,BUY,2021-09-22T00:05:11.500Z,210.00000000,ADA,2.0095,1.4769825,-423.4719825,USD
default,34994306,ADA-USD,BUY,2021-09-22T00:05:11.500Z,466.53000000,ADA,2.0096,3.281385408,-940.820073408,USD
default,35331517,ADA-USD,SELL,2021-09-23T17:15:00.938Z,493.64000000,ADA,2.2446,3.878085204,1104.146258796,USD
default,35331518,ADA-USD,SELL,2021-09-23T17:15:00.938Z,520.00000000,ADA,2.2445,4.08499,1163.05501,USD
default,35331519,ADA-USD,SELL,2021-09-23T17:15:00.938Z,575.26000000,ADA,2.2444,4.518897404,1286.594646596,USD
default,35336639,ADA-USD,BUY,2021-09-23T17:46:09.562Z,1148.23000000,ADA,2.2625,9.0925463125,-2606.9629213125,USD
default,35336640,ADA-USD,BUY,2021-09-23T17:46:09.562Z,402.47000000,ADA,2.2625,3.1870593125,-913.7754343125,USD
default,40523430,ADA-USD,SELL,2021-10-27T14:30:13.971Z,20.00000000,ADA,1.9668,0.19668,39.13932,USD
default,40523431,ADA-USD,SELL,2021-10-27T14:30:13.971Z,1530.70000000,ADA,1.9667,15.05213845,2995.37555155,USD
default,40684543,ADA-USD,BUY,2021-10-27T21:56:09.864Z,761.30000000,ADA,1.9605,7.46264325,-1499.99129325,USD
default,40735590,ADA-USD,SELL,2021-10-28T00:34:58.755Z,761.30000000,ADA,1.9247,5.128459385,1460.145650615,USD
default,40753463,ADA-USD,BUY,2021-10-28T01:31:57.937Z,277.35000000,ADA,1.9371,1.8803913975,-539.1350763975,USD
default,40753464,ADA-USD,BUY,2021-10-28T01:31:57.937Z,789.66000000,ADA,1.9371,5.353776351,-1535.004162351,USD
default,40753465,ADA-USD,BUY,2021-10-28T01:31:57.937Z,436.12000000,ADA,1.9372,2.956980824,-847.808644824,USD
default,75760302,LTC-USD,BUY,2021-09-13T14:31:01.504Z,0.13644535,LTC,183.68,0.087717986608,-25.149999874608,USD
default,79152345,LTC-USD,SELL,2021-10-28T01:08:38.421Z,0.13644535,LTC,179.78,0.0858555075805,24.4442895154195,USD
default,130152472,ETH-USD,BUY,2021-06-15T20:39:05.291Z,0.66403693,ETH,2532.67,3.3635728230062,-1685.1499843261062,USD
default,130153750,ETH-USD,SELL,2021-06-15T20:47:53.737Z,0.14171862,ETH,2525.77,0.7158972776748,357.2327415597252,USD
default,130153751,ETH-USD,SELL,2021-06-15T20:47:53.737Z,0.00101488,ETH,2525.68,0.0051265242368,2.5581355941632,USD
default,130153752,ETH-USD,SELL,2021-06-15T20:47:53.737Z,0.13298696,ETH,2525.66,0.6717596907872,335.2080857028128,USD
default,130153753,ETH-USD,SELL,2021-06-15T20:47:53.737Z,0.38831647,ETH,2525.55,1.961425321617,978.751235486883,USD
default,145794838,ETH-USD,BUY,2021-08-13T16:56:03.209Z,0.25812392,ETH,3231.7,4.17089536132,-838.34996762532,USD
default,146885963,ETH-USD,SELL,2021-08-17T16:56:46.152Z,0.25812392,ETH,3162.76,4.081920046096,812.302089173104,USD
